ID,Gene,Chromosome,Position,Variant_classification,Variant_type
P_SYN1,TP53,17,7577121,Frameshift_Del,DEL
P_SYN1,FAT1,4,52000000,Nonsense_Mutation,SNP
P_SYN1,CASP8,2,205000000,Frameshift_Ins,INS
P_SYN1,NOTCH1,9,139200000,Missense_Mutation,SNP
P_SYN1,CDKN2A,9,139350000,Nonsense_Mutation,SNP
P_SYN1,KMT2D,4,52500000,Frameshift_Del,DEL
P_SYN1,TGFBR2,4,52600000,Frameshift_Del,DEL
P_SYN1,PTEN,10,87800000,Nonsense_Mutation,SNP
P_SYN1,ARID1A,1,27000000,Frameshift_Ins,INS
P_SYN1,NSD1,5,177000000,Frameshift_Del,DEL
P_SYN1,FBXW7,4,52400000,Nonsense_Mutation,SNP
P_SYN1,RB1,13,48800000,Frameshift_Del,DEL
P_SYN1,SMAD4,18,48500000,Nonsense_Mutation,SNP
P_SYN1,ATM,11,108200000,Frameshift_Del,DEL
P_SYN1,BRCA2,13,32900000,Frameshift_Ins,INS
P_SYN1,HRAS,11,534000,Missense_Mutation,SNP
P_SYN1,PIK3CA,3,178936091,In_Frame_Ins,INS
P_SYN1,CSMD3,8,114615000,Missense_Mutation,SNP
P_SYN1,EPHA2,1,164000000,Missense_Mutation,SNP
P_SYN1,LRP1B,2,141000000,Missense_Mutation,SNP
P_SYN1,SYNE1,6,152000000,Missense_Mutation,SNP
P_SYN1,CREBBP,16,3770000,Missense_Mutation,SNP
P_SYN1,PTPRD,9,139100000,Missense_Mutation,SNP
P_SYN1,MAPK1,22,22100000,Missense_Mutation,SNP
P_SYN1,ERBB2,17,39700000,In_Frame_Ins,INS
P_SYN1,FGFR1,8,38400000,Missense_Mutation,SNP
P_SYN1,SOX2,3,181000000,Missense_Mutation,SNP
P_SYN1,MYC,8,128700000,Missense_Mutation,SNP
P_SYN1,BIRC6,2,32500000,Missense_Mutation,SNP
P_SYN1,ZNF750,17,7565000,Frameshift_Del,DEL
P_SYN1,DDX3X,X,41200000,Missense_Mutation,SNP
P_SYN1,KMT2C,7,152000000,Frameshift_Del,DEL
P_SYN1,NOTCH2,1,120000000,Missense_Mutation,SNP
P_SYN1,PAX5,9,37000000,Missense_Mutation,SNP
P_SYN1,RPL22,1,6250000,Nonsense_Mutation,SNP
P_SYN1,TERT,5,1295000,Missense_Mutation,SNP
P_SYN1,ZNF217,20,53500000,Missense_Mutation,SNP
P_SYN1,PIK3R1,5,67500000,Missense_Mutation,SNP
P_SYN1,STK11,19,1220000,Frameshift_Del,DEL
P_SYN1,KEAP1,19,10600000,Missense_Mutation,SNP
P_SYN1,NFE2L2,2,178000000,Missense_Mutation,SNP
P_SYN1,CTNNB1,3,41200000,Missense_Mutation,SNP
P_SYN1,MLLT3,9,20000000,Missense_Mutation,SNP
P_SYN1,GNAQ,9,80500000,Missense_Mutation,SNP
